{
  "frameworks": [ "jasmine", "requirejs" ],

  "preprocessors": {
    "Tests/**/**/*.spec.js": [ "coverage" ]
  },
  "reporters": [ "progress", "trx", "coverage" ],

  "trxReporter": {
    "outputFile": "test-results.trx",
    "shortTestName": false
  },

  "coverageReporter": {
    "dir": "coverage/",
    "reporters": [
      {
        "type": "html",
        "subdir": "report-html"
      },
      {
        "type": "cobertura",
        "subdir": ".",
        "file": "cobertura.xml"
      }
    ]
  },
  "colors": true,
  "browsers": [ "ChromeHeadless" ],
  "singleRun": true,
  "browserNoActivityTimeout": 0,

  "customLaunchers": {
    "ChromeHeadless": {
      "base": "Chrome",
      "flags": [
        "--headless",
        "--disable-gpu",
        "--disable-translate",
        "--disable-extensions",
        "--no-sandbox",
        "--remote-debugging-port=9222"
      ]
    }
  }


}




   
 
   
    

